{
  "best_score": 0.8468468605727129,
  "best_multi": {
    "objective": "multiclass",
    "boosting_type": "gbdt",
    "n_estimators": 300,
    "learning_rate": 0.011407296701872639,
    "num_leaves": 215,
    "max_depth": 14,
    "min_child_samples": 33,
    "min_child_weight": 0.004403828424437138,
    "min_split_gain": 0.3318297837035802,
    "reg_alpha": 1.7206620918074286e-06,
    "reg_lambda": 1.603163502360356e-07,
    "max_bin": 431,
    "feature_fraction": 0.6063495220642934,
    "bagging_fraction": 0.9655425973413797,
    "bagging_freq": 5,
    "verbosity": -1,
    "random_state": 42,
    "n_jobs": -1
  },
  "seed": 42,
  "n_splits": 5,
  "file": "features_combined_zscore.csv",
  "label_col": "cell_type",
  "group_col": "Sample"
}